1	metachromatic leukodystrophy
2	phenylketonuria
3	Debrisoquine
4	serotonin
5	patients
6	Cardiovascular complications
7	human
8	Human
9	ataxia-telangiectasia
10	Nefiracetam
11	Myotonic dystrophy protein kinase
12	human
13	Pethidine
14	carbamazepine
15	Hepatocyte nuclear factor-6
16	Langerin
17	BRCA1
18	Apomorphine
19	Rab6c
20	End-stage renal disease
21	D90A
22	deafness
23	FMR1
24	cytomegalovirus
25	Nijmegen breakage syndrome
26	Atrial fibrillation
27	SRD5A2
28	thiazide
29	F5
30	CRYBA3/A1
31	POLG
32	Urinary bladder cancer
33	HIRA
34	Ca2+
35	thyroid hormone resistance
36	Lys198Asn
37	human
38	tincture of Crataegus
39	Paraoxonase 1
40	cyclooxygenase-2
41	CD72
42	SSH1
43	dengue virus type 2
44	interleukin 12B
45	SCN5A
46	beta adrenergic receptor
47	Hypoxia
48	Tumor
49	prostate specific antigen
50	interstitial nephritis
51	Asn45Ser
52	Glucose
53	Primary malignant lymphoma of the brain
54	BRCA2
55	N-methyl-D-aspartate receptors
56	low back pain
57	human
58	L490R
59	MEN1
60	dihydrofolate reductase
61	patients
62	VII collagen
63	Pheochromocytoma
64	lymph node metastases
65	atrial fibrillation
66	Vitamin D-binding protein
67	Valproic acid
68	celecoxib
69	T-cell immunoglobulin mucin 1
70	Succinylcholine
71	Dexrazoxane
72	MSH2
73	SLC2A2
74	Nicotine
75	argatroban
76	WFS1
77	SRY
78	human
79	PEMT
80	vancomycin
81	dyskinesias
82	hPER2
83	657del5
84	Cys 23-Ser 23
85	OPHN1
86	raloxifene
87	POLG
88	Bietti crystalline dystrophy
89	migraine
90	Amisulpride
91	mismatch repair
92	M404V
93	congenital microcoria
94	nitric oxide synthase
95	domperidone
96	ritanserin
97	5-Fluorouracil
98	DOCK8
99	glioblastomas
100	Peroxisomal proliferator activated receptor-gamma
101	TSPYL1
102	COX-2
103	RGS4
104	MLH1
105	MDMA
106	serotonin transporter
107	Tumor
108	Pilocarpine
109	cystic fibrosis
110	neuroleptic malignant syndrome
111	Ectodermal dysplasia-skin fragility syndrome
112	long QT syndrome
113	hypertension
114	Atorvastatin
115	HNF4alpha
116	MEN1
117	gastric cancer
118	SLC34A3
119	Antipsychotic
120	DRD2
121	eslicarbazepine acetate
122	PTPN22
123	C-to-T substitution at -31
124	PQBP1
125	Chloroacetaldehyde
126	SLC12A3
127	skin cancer
128	Valproate
129	surfactant protein-A2
130	olanzapine
131	endoglin
132	E333D
133	DISC1
134	Cytochrome p4501A1
135	anabolic androgenic steroid
136	G51S
137	COX-2 inhibitors
138	ACE
139	Quinine
140	synaptotagmin
141	Syncope
142	BMP4
143	PVT1
144	dobutamine
145	IRF6
146	patients
147	maltolyl p-coumarate
148	Manganese superoxide dismutase
149	breast cancer
150	patients
151	FGFR3
152	lamivudine
153	Estrogen
154	human
155	Focal dermal hypoplasia
156	MLH1
157	etoricoxib
158	Anxiogenic
159	apolipoprotein E
160	systemic lupus erythematosus
161	bupivacaine
162	women
163	CHRNA1
164	RNASEL
165	Bone morphogenetic protein-4
166	amikacin
167	FH
168	SOX2
169	Aryl hydrocarbon receptor interacting protein
170	MMP1
171	N-(2-propylpentanoyl)urea
172	carbonyl reductase 3
173	lattice corneal dystrophy type I
174	inflammatory
175	tacrolimus
176	breast cancer
177	antithrombin
178	fentanyl
179	Curcumin
180	penicillin
181	GATA4
182	fat
183	non-autoimmune hyperthyroidism
184	prolactin receptor
185	Isoproterenol
186	R58fs
187	phospholipase C epsilon 1
188	Neurofibromin 1
189	renin
190	thymidylate synthase
191	oculopharyngeal muscular dystrophy
192	propranolol
193	P2RX7
194	Growth hormone
195	Osteogenesis imperfecta type III
196	idiopathic Parkinson's disease
197	FOXF2
198	Neuregulin-1 beta
199	hemorrhage
200	inferior colliculus lesion
201	Macular corneal dystrophy
202	UDP-N-acetylglucosamine-1-phosphotransferase gamma subunit
203	DGUOK
204	salvianolic acid A
205	Melanocortin-4 receptor
206	Angiotensin converting enzyme
207	meckelin
208	TAK1
209	everolimus
210	Adenosine A(2A) receptor
211	Mycobacterium tuberculosis
212	Learning and memory deficits
213	Protein kinase C alpha
214	haemorrhagic infarction of the globus pallidus
215	Seizures
216	pilocarpine
217	glycine transporter-1
218	CACNA1S
219	Vitamin D receptor
220	H3 histamine receptor
221	crack cocaine
222	FOXP3
223	hOGG1
224	G145R
225	Clopidogrel
226	Fluoxetine
227	Phenylephrine
228	tranexamic Acid
229	Klotho
230	CCL2
231	Metallothionein
232	IRF5
233	ASP
234	U87MG
235	carbamazepine
236	arylsulfatase B
237	Zebrafish
238	risperidone
239	human
240	human
241	Vitamin E
242	TGF-beta1
243	Antithrombotic drug
244	Cocaine
245	Coenzyme Q10
246	complement factor H
247	obesity
248	TSH-beta
249	phosphodiesterase 4D
250	NMDA receptors
251	46,XY DSD
252	puromycin aminonucleoside
253	GH insensitivity syndrome
254	ADAM10
255	ADRA2B
256	C-C chemokine receptor 5
257	Serotonin 6 receptor
258	CYP11B2
259	fibrinogen gamma
260	capecitabine
261	DRD4
262	iron
263	temsirolimus
264	connexin 26
265	SLURP1
266	Syncope
267	cystic fibrosis
268	daptomycin
269	adenosine A2A/A1 receptor antagonist
270	glucocorticoid receptor
271	CYP2C8
272	dopamine b-hydroxylase
273	CRELD1
274	congenital generalized lipodystrophy
275	EGFR
276	CCR5
277	M235T
278	Ehlers-Danlos Syndrome, vascular type
279	Brat
280	apolipoprotein E
281	GUCA1B
282	Interleukin-17F
283	G1359A
284	XRCC1
285	Sjogren-Larsson syndrome
286	MHC
287	DACH1
288	rs8099917
289	renin
290	PAX6
291	FBN1
292	CXCR1
293	TNFR-associated factor 2
294	EPOR
295	scleroderma renal crisis
296	IL10
297	neuronal pentraxin 1
298	Delta-like 4
299	Superoxide dismutase 1
300	Bortezomib
301	ifosfamide
302	levodopa
303	LYRM7
304	CTR9
305	galactose
306	Takotsubo syndrome
307	Cholecystokinin-octapeptide
308	Cultured mycelium Cordyceps sinensis
309	-930A>G
310	Antioxidant
311	tranexamic acid
312	NADPH oxidase 4
313	b-catenin
314	Necrotising fasciitis
315	ginsenosides
316	human
317	IL-3
318	Aconitine
319	metformin
320	mice
321	Thyroid hormone receptor a
322	PKC-alpha
323	BCHE
324	Curcumin
325	Sepsis
326	Leukemia inhibitory factor
327	androgen receptor
328	Toxicity
329	Sag
330	neuroserpin
331	TIPE2
332	Gastrointestinal hormones
333	OCT4A
334	Arsenic
335	chemokines
336	Prostate Cancer
337	PPARa
338	centrosomal protein 55
339	BRAF
340	Transgelin
341	CFI
342	Serum Amyloid A
343	MOL1
344	NOTCH1
345	Fatty Acid Synthase
346	PPARa
347	Cisplatin
348	Metallothionein-1
349	Chromosome Instability
350	Alcohol
351	Gartanin
352	histone deacetylase
353	CD4
354	Alcohol
355	adiponectin
356	Phosphatidylinositol 4-kinase IIb
357	PHEX
358	protein arginine methyltransferase 5
359	otilonium bromide
360	RAB-28
361	Voltage-Dependent Anion Channel 1
362	Bach1
363	MCF-7
364	CenpH
365	Type I Interferon Receptor
366	PIK3CA
367	Spirulina
368	NEK2
369	Metalloprotease-disintegrin
370	Star-PAP
371	TIEG1
372	Pleomorphic adenoma gene like-2
373	Insulin-like growth factor 1 receptor
374	Atorvastatin
375	emodin
376	liver kinase B1
377	Myc
378	LIF Receptor
379	Psoriasin
380	hippocalcin
381	Sulfonylurea Receptor
382	TSPO
383	inflammatory
384	caveolin-1
385	Ubiquitin carboxyl-terminal esterase L1
386	Ghrelin
387	SOD1
388	Calcium sensing receptor
389	N-acetylglucosamine (O-GlcNAc) transferase
390	ESCRT-III
391	opioid receptor u1
392	Angiotensin II subtype 1a receptor
393	HIV-1
394	Gankyrin
395	Interleukin 6
396	Ag-globin
397	human
398	mouse
399	Arginase 1
400	Salidroside
